{
  "project_info": {
    "project_number": "966415284924",
    "project_id": "rentndeal-6d60a",
    "storage_bucket": "rentndeal-6d60a.appspot.com"
  },
  "client": [
    {
      "client_info": {
        "mobilesdk_app_id": "1:966415284924:android:17f4c28efd87ca03f06eb9",
        "android_client_info": {
          "package_name": "com.example.rentndeal"
        }
      },
      "oauth_client": [],
      "api_key": [
        {
          "current_key": "AIzaSyAngdTHF5S7f0l0Ib6TTXIGYO9lXDQGYqs"
        }
      ],
      "services": {
        "appinvite_service": {
          "other_platform_oauth_client": []
        }
      }
    }
  ],
  "configuration_version": "1"
}